code,ind,lon,lat
LAS,0,-115.143,36.0806
IND,1,-86.2707,39.7322
MCO,2,-81.3115,28.4418
PHX,3,-112.03,33.4376
ISP,4,-73.0984,40.7891
JAN,5,-90.0733,32.3089
DEN,6,-104.672,39.8396
LAX,7,-118.391,33.9456
SLC,8,-111.982,40.7862
LBB,9,-101.821,33.6566
LIT,10,-92.219,34.7278
MAF,11,-102.208,31.9361
MCI,12,-94.7171,39.2992
DTW,13,-83.3412,42.2327
MDW,14,-87.7416,41.7875
MHT,15,-71.4386,42.9293
MSY,16,-90.2569,29.983
OAK,17,-122.209,37.7158
OKC,18,-97.5974,35.3981
OMA,19,-95.8998,41.3
ONT,20,-117.594,34.062
ORF,21,-76.2154,36.8977
PDX,22,-122.587,45.5867
PHL,23,-75.2419,39.8768
PIT,24,-80.2328,40.4914
PVD,25,-71.4399,41.723
RDU,26,-78.7923,35.8729
RNO,27,-119.776,39.5064
RSW,28,-81.7531,26.5228
SAN,29,-117.195,32.7299
SAT,30,-98.4729,29.5252
SDF,31,-85.7462,38.1865
SEA,32,-122.296,47.4405
SFO,33,-122.392,37.6148
SJC,34,-121.926,37.3679
SMF,35,-121.591,38.683
SNA,36,-117.859,33.6813
STL,37,-90.3647,38.7414
TPA,38,-82.5356,27.9744
TUL,39,-95.8892,36.1877
TUS,40,-110.936,32.1204
ABQ,41,-106.625,35.0494
ALB,42,-73.809,42.7426
AMA,43,-101.706,35.2177
AUS,44,-97.6653,30.2027
BDL,45,-72.6816,41.9271
BHM,46,-86.7492,33.5604
BNA,47,-86.6682,36.1342
BOI,48,-116.222,43.5709
BUF,49,-78.738,42.9309
BUR,50,-118.352,34.1963
BWI,51,-76.6745,39.1841
CLE,52,-81.8339,41.4115
CMH,53,-82.8877,39.9974
ELP,54,-106.393,31.7982
FLL,55,-80.1354,26.0722
GEG,56,-117.538,47.625
HOU,57,-95.2795,29.6572
IAD,58,-77.4484,38.9556
EWR,59,-74.1843,40.6924
ROC,60,-77.6697,43.1309
IAH,61,-95.3424,29.9784
DAY,62,-84.2207,39.8968
ORD,63,-87.8825,41.9796
LFT,64,-91.9935,30.2084
CHS,65,-80.0356,32.8838
LCH,66,-93.2198,30.1235
ATL,67,-84.4333,33.6558
CLT,68,-80.946,35.2226
BTR,69,-91.1567,30.533
CRW,70,-81.5951,38.3697
EUG,71,-123.213,44.1184
ICT,72,-97.43,37.6531
MEM,73,-89.9823,35.047
BTV,74,-73.1552,44.4688
GRK,75,-97.8206,31.0615
BRO,76,-97.4321,25.9064
DSM,77,-93.6481,41.5328
BPT,78,-94.0185,29.9551
GPT,79,-89.072,30.4133
MKE,80,-87.9051,42.9471
COS,81,-104.697,38.7829
GRR,82,-85.5307,42.8841
DFW,83,-97.0409,32.9222
PWM,84,-70.3103,43.6475
MSP,85,-93.1987,44.8793
RIC,86,-77.3332,37.5108
CVG,87,-84.6625,39.0571
SAV,88,-81.2133,32.1338
GSO,89,-79.9427,36.1038
CHA,90,-85.1966,35.0373
XNA,91,-94.2955,36.2756
GSP,92,-82.2167,34.8907
JAX,93,-81.676,30.4914
LEX,94,-84.5989,38.0384
MFE,95,-98.2404,26.1813
MLU,96,-92.044,32.5099
DAL,97,-96.8496,32.8439
MOB,98,-88.243,30.6775
TYS,99,-83.9889,35.8064
LRD,100,-99.4555,27.5431
SHV,101,-93.8285,32.4549
DCA,102,-77.0438,38.849
TLH,103,-84.3503,30.3964
CAE,104,-81.1241,33.9468
SYR,105,-76.1121,43.1141
AEX,106,-92.5417,31.323
HRL,107,-97.663,26.2216
BGR,108,-68.8167,44.8086
AVL,109,-82.5373,35.4349
HSV,110,-86.7767,34.6492
MGM,111,-86.3909,32.3049
MYR,112,-78.9228,33.6821
VPS,113,-86.55,30.496
PBI,114,-80.0889,26.6909
CLL,115,-96.3685,30.5938
MSN,116,-89.3465,43.1351
PNS,117,-87.1941,30.4761
BOS,118,-71.0281,42.3717
MTJ,119,-107.899,38.5003
DAB,120,-81.0615,29.1874
CRP,121,-97.5019,27.7747
PSP,122,-116.509,33.8227
ABE,123,-75.4342,40.6514
ASE,124,-106.864,39.2197
ATW,125,-88.5111,44.2603
AVP,126,-75.7294,41.3354
BFL,127,-119.044,35.4288
BMI,128,-88.9134,40.4841
CAK,129,-81.4309,40.9149
CID,130,-91.7008,41.8893
CLD,131,-117.275,33.1255
COD,132,-109.031,44.5134
CPR,133,-106.465,42.8966
CWA,134,-89.6704,44.7846
DRO,135,-107.751,37.1595
EGE,136,-106.912,39.6395
FAT,137,-119.717,36.7675
FLG,138,-111.675,35.139
FSD,139,-96.7317,43.5813
FWA,140,-85.1899,40.9883
GJT,141,-108.529,39.1217
GRB,142,-88.1274,44.4923
HDN,143,-107.219,40.485
LAN,144,-84.5888,42.7728
LGB,145,-118.144,33.8186
MBS,146,-84.0933,43.5311
MDT,147,-76.7564,40.1962
MFR,148,-122.874,42.3691
MRY,149,-121.851,36.5872
RAP,150,-103.06,44.037
ROA,151,-79.9688,37.3203
SBA,152,-119.835,34.4255
SBN,153,-86.311,41.7006
SBP,154,-120.641,35.239
SPI,155,-89.672,39.8445
TEX,156,-107.901,37.9544
YUM,157,-114.599,32.6685
TVC,158,-85.5796,44.7365
HPN,159,-73.7042,41.0693
MIA,160,-80.2727,25.7953
JFK,161,-73.79,40.6437
SGF,162,-93.3817,37.243
SRQ,163,-82.5516,27.3868
LGA,164,-73.8756,40.7731
TRI,165,-82.4087,36.4805
TWF,166,-114.485,42.4838
SUN,167,-114.301,43.5065
PIH,168,-112.588,42.9056
EKO,169,-115.78,40.829
SGU,170,-113.591,37.0973
PSC,171,-119.117,46.2592
BTM,172,-112.503,45.9544
SLE,173,-123.008,44.9104
IDA,174,-112.068,43.5147
HLN,175,-111.99,46.6104
FCA,176,-114.252,48.3075
MSO,177,-114.084,46.9192
GTF,178,-111.356,47.482
LWS,179,-117.011,46.3776
YKM,180,-120.54,46.5703
BZN,181,-111.157,45.7722
BIL,182,-108.537,45.8034
RDM,183,-121.162,44.2533
FAR,184,-96.8243,46.9195
JAC,185,-110.736,43.6034
IYK,186,-117.816,35.6606
SMX,187,-120.437,34.8888
OXR,188,-119.206,34.1984
IPL,189,-115.57,32.8332
MOD,190,-120.959,37.6319
PIA,191,-89.6909,40.6663
MLI,192,-90.5058,41.4539
GUC,193,-106.941,38.5356
AZO,194,-85.5563,42.2398
LNK,195,-96.7543,40.8461
BIS,196,-100.757,46.7745
RFD,197,-89.0955,42.2035
BLI,198,-122.532,48.7955
CDC,199,-113.092,37.6992
HNL,200,-157.919,21.3358
KOA,201,-156.039,19.7334
OGG,202,-156.441,20.8926
LIH,203,-159.351,21.9782
SJU,204,-66.0095,18.4367
ANC,205,-149.961,61.1767
PHF,206,-76.5026,37.1306
MLB,207,-80.6282,28.0957
STT,208,-64.9667,18.3333
DHN,209,-85.4487,31.3144
PFN,210,-85.6829,30.2071
TOL,211,-83.8072,41.5923
AGS,212,-81.9732,33.3735
FAY,213,-78.8889,34.9914
HHH,214,-80.6989,32.2267
EVV,215,-87.5308,38.0464
GNV,216,-82.277,29.6861
ABY,217,-84.1867,31.5328
FNT,218,-83.7411,42.9756
OAJ,219,-77.6053,34.8307
BQK,220,-81.4703,31.2525
SWF,221,-74.0974,41.4869
EWN,222,-77.0343,35.0786
MEI,223,-88.7449,32.3334
ILM,224,-77.912,34.2668
GTR,225,-88.5876,33.4516
LYH,226,-79.1944,37.3309
FSM,227,-94.4944,36.1881
EYW,228,-81.7551,24.5536
VLD,229,-83.2787,30.7892
CSG,230,-84.9401,32.5184
ACY,231,-74.5716,39.4512
MCN,232,-83.65,32.7023
CHO,233,-78.4487,38.14
TUP,234,-88.766,34.2662
FLO,235,-79.7289,34.1936
SCE,236,-77.851,40.8515
TYR,237,-95.4118,32.3506
LAW,238,-98.4135,34.573
SPS,239,-98.4984,33.9862
ABI,240,-99.6803,32.4164
GGG,241,-94.7194,32.3874
ACT,242,-97.2234,31.609
SJT,243,-100.507,31.3616
TXK,244,-93.9943,33.457
CMI,245,-88.2638,40.0367
ROW,246,-104.519,33.3071
RST,247,-92.4884,43.9101
MQT,248,-87.3871,46.3501
LSE,249,-91.2638,43.8751
DBQ,250,-90.7037,42.4047
GFK,251,-97.1762,47.9494
MOT,252,-101.291,48.2554
DLH,253,-92.1781,46.838
SUX,254,-96.3784,42.4012
PLN,255,-84.7857,45.571
BGM,256,-75.9825,42.2082
ERI,257,-80.1824,42.0829
ALO,258,-92.3951,42.5509
CMX,259,-88.4942,47.1689
RHI,260,-89.4626,45.626
ELM,261,-76.8973,42.1633
BQN,262,-67.1357,18.496
PSE,263,-66.5664,18.0116
STX,264,-64.7977,17.6988
